{
    "algorithm" : "BFS",
    "alpha" : 6,
    "average_duty" : 0,
    "beta" : 6,
    "command_line" : "./bin/test_bfs_7.5_x86_64 grmat --rmat_scale=23 --rmat_edgefactor=16 --undirected --idempotence --src=largestdegree --traversal-mode=0 --queue-sizing=6.5 --in-sizing=4 --iteration-num=10 --device=0,1 --jsondir=./eval/ubuntu14_04.k40cx2_rand",
    "compensate" : false,
    "compiler" : "Gnu GCC C/C++",
    "compiler_version" : 40800005,
    "dataset" : "",
    "debug_mode" : false,
    "delta" : 0.85000002384185791,
    "delta_factor" : 16,
    "device_list" : [
        0,
        1
    ],
    "edge_value" : false,
    "edges_queued" : 264274781,
    "edges_redundance" : 2.1677918374023228,
    "edges_visited" : 258667410,
    "elapsed" : 30.564521789550781,
    "engine" : "Gunrock",
    "error" : 0.0099999997764825821,
    "git_commit_sha1" : "6b7b3e5fddb95feda52dfa83992c51a8e4c14663",
    "gpuinfo" : {
        "clock_rate" : 745000,
        "compute_version" : 35,
        "driver_api" : 7050,
        "driver_version" : 7050,
        "major" : 3,
        "minor" : 5,
        "multi_processor_count" : 15,
        "name" : "Tesla K40c",
        "runtime_version" : 7050,
        "total_global_mem" : 12884705280
    },
    "graph_type" : "grmat",
    "gunrock_version" : "GUNROCKVERSION",
    "idempotent" : true,
    "instrument" : false,
    "json" : false,
    "jsondir" : "./eval/ubuntu14_04.k40cx2_rand",
    "jsonfile" : "",
    "label" : "",
    "load_time" : 14209.099054336548,
    "m_teps" : 8462.9951171875,
    "mark_predecessors" : false,
    "max_grid_size" : 0,
    "max_in_sizing" : 4,
    "max_iteration" : 50,
    "max_process_time" : 30.756950378417969,
    "max_queue_sizing" : 6.5,
    "max_queue_sizing1" : -1,
    "min_process_time" : 30.419111251831055,
    "multi_graphs" : false,
    "node_value" : false,
    "nodes_queued" : 9282920,
    "nodes_redundance" : 101.50495083892382,
    "nodes_visited" : 4606795,
    "normalized" : false,
    "num_gpus" : 2,
    "num_iteration" : 10,
    "output_filename" : "",
    "partition_factor" : -1,
    "partition_method" : "random",
    "partition_seed" : -1,
    "postprocess_time" : 107.63907432556152,
    "preprocess_time" : 4393.8310146331787,
    "process_times" : [
        30.756950378417969,
        30.659914016723633,
        30.542135238647461,
        30.463218688964844,
        30.569076538085938,
        30.714988708496094,
        30.545949935913086,
        30.462980270385742,
        30.510902404785156,
        30.419111251831055
    ],
    "quick_mode" : false,
    "quiet_mode" : false,
    "ref_filename" : "",
    "rmat_a" : 0.56999999999999995,
    "rmat_b" : 0.19,
    "rmat_c" : 0.19,
    "rmat_d" : 0.050000000000000044,
    "rmat_edgefactor" : 16,
    "rmat_edges" : 134217728,
    "rmat_nodes" : 8388608,
    "rmat_scale" : 23,
    "rmat_seed" : -1,
    "scaled" : false,
    "search_depth" : 7,
    "size_check" : true,
    "source_type" : "largest-degree",
    "source_vertex" : 0,
    "stream_from_host" : false,
    "sysinfo" : {
        "machine" : "x86_64",
        "nodename" : "luigi",
        "release" : "3.13.0-77-generic",
        "sysname" : "Linux",
        "version" : "#121-Ubuntu SMP Wed Jan 20 10:50:42 UTC 2016"
    },
    "time" : "Tue Mar 22 19:24:44 2016\n",
    "top_nodes" : 0,
    "total_time" : 21128.154039382935,
    "traversal_mode" : 0,
    "undirected" : true,
    "userinfo" : {
        "login" : "sgpyc"
    },
    "write_time" : 0
}