{
    "algorithm" : "BFS",
    "alpha" : 6,
    "average_duty" : 0,
    "beta" : 6,
    "command_line" : "./bin/test_bfs_7.5_x86_64 grmat --rmat_scale=24 --rmat_edgefactor=16 --undirected --idempotence --src=largestdegree --traversal-mode=0 --queue-sizing=6.5 --in-sizing=4 --iteration-num=10 --device=0,1,2 --jsondir=./eval/ubuntu14_04.k40cx3_rand",
    "compensate" : false,
    "compiler" : "Gnu GCC C/C++",
    "compiler_version" : 40800005,
    "dataset" : "",
    "debug_mode" : false,
    "delta" : 0.85000002384185791,
    "delta_factor" : 16,
    "device_list" : [
        0,
        1,
        2
    ],
    "edge_value" : false,
    "edges_queued" : 527805634,
    "edges_redundance" : 1.352996987459304,
    "edges_visited" : 520759770,
    "elapsed" : 60.401035308837891,
    "engine" : "Gunrock",
    "error" : 0.0099999997764825821,
    "git_commit_sha1" : "6b7b3e5fddb95feda52dfa83992c51a8e4c14663",
    "gpuinfo" : {
        "clock_rate" : 745000,
        "compute_version" : 35,
        "driver_api" : 7050,
        "driver_version" : 7050,
        "major" : 3,
        "minor" : 5,
        "multi_processor_count" : 15,
        "name" : "Tesla K40c",
        "runtime_version" : 7050,
        "total_global_mem" : 12884705280
    },
    "graph_type" : "grmat",
    "gunrock_version" : "GUNROCKVERSION",
    "idempotent" : true,
    "instrument" : false,
    "json" : false,
    "jsondir" : "./eval/ubuntu14_04.k40cx3_rand",
    "jsonfile" : "",
    "label" : "",
    "load_time" : 26237.673044204712,
    "m_teps" : 8621.703125,
    "mark_predecessors" : false,
    "max_grid_size" : 0,
    "max_in_sizing" : 4,
    "max_iteration" : 50,
    "max_process_time" : 60.919046401977539,
    "max_queue_sizing" : 6.5,
    "max_queue_sizing1" : -1,
    "min_process_time" : 59.900045394897461,
    "multi_graphs" : false,
    "node_value" : false,
    "nodes_queued" : 26699817,
    "nodes_redundance" : 201.12968390978634,
    "nodes_visited" : 8866551,
    "normalized" : false,
    "num_gpus" : 3,
    "num_iteration" : 10,
    "output_filename" : "",
    "partition_factor" : -1,
    "partition_method" : "random",
    "partition_seed" : -1,
    "postprocess_time" : 265.47884941101074,
    "preprocess_time" : 9390.5360698699951,
    "process_times" : [
        60.919046401977539,
        60.38212776184082,
        60.270071029663086,
        60.233116149902344,
        60.588836669921875,
        60.377120971679688,
        60.628890991210938,
        60.327053070068359,
        59.900045394897461,
        60.384035110473633
    ],
    "quick_mode" : false,
    "quiet_mode" : false,
    "ref_filename" : "",
    "rmat_a" : 0.56999999999999995,
    "rmat_b" : 0.19,
    "rmat_c" : 0.19,
    "rmat_d" : 0.050000000000000044,
    "rmat_edgefactor" : 16,
    "rmat_edges" : 268435456,
    "rmat_nodes" : 16777216,
    "rmat_scale" : 24,
    "rmat_seed" : -1,
    "scaled" : false,
    "search_depth" : 7,
    "size_check" : true,
    "source_type" : "largest-degree",
    "source_vertex" : 0,
    "stream_from_host" : false,
    "sysinfo" : {
        "machine" : "x86_64",
        "nodename" : "luigi",
        "release" : "3.13.0-77-generic",
        "sysname" : "Linux",
        "version" : "#121-Ubuntu SMP Wed Jan 20 10:50:42 UTC 2016"
    },
    "time" : "Tue Mar 22 19:39:44 2016\n",
    "top_nodes" : 0,
    "total_time" : 41117.022037506104,
    "traversal_mode" : 0,
    "undirected" : true,
    "userinfo" : {
        "login" : "sgpyc"
    },
    "write_time" : 0
}