{
    "algorithm" : "BFS",
    "alpha" : 6,
    "average_duty" : 0,
    "beta" : 6,
    "command_line" : "./bin/test_bfs_7.5_x86_64 grmat --rmat_scale=21 --rmat_edgefactor=16 --undirected --idempotence --src=largestdegree --traversal-mode=0 --queue-sizing=6.5 --in-sizing=4 --iteration-num=10 --device=0,1,2,3 --jsondir=./eval/ubuntu14_04.k40cx4_rand",
    "compensate" : false,
    "compiler" : "Gnu GCC C/C++",
    "compiler_version" : 40800005,
    "dataset" : "",
    "debug_mode" : false,
    "delta" : 0.85000002384185791,
    "delta_factor" : 16,
    "device_list" : [
        0,
        1,
        2,
        3
    ],
    "edge_value" : false,
    "edges_queued" : 66968174,
    "edges_redundance" : 5.3932040130646435,
    "edges_visited" : 63541264,
    "elapsed" : 7.4416399002075195,
    "engine" : "Gunrock",
    "error" : 0.0099999997764825821,
    "git_commit_sha1" : "6b7b3e5fddb95feda52dfa83992c51a8e4c14663",
    "gpuinfo" : {
        "clock_rate" : 745000,
        "compute_version" : 35,
        "driver_api" : 7050,
        "driver_version" : 7050,
        "major" : 3,
        "minor" : 5,
        "multi_processor_count" : 15,
        "name" : "Tesla K40c",
        "runtime_version" : 7050,
        "total_global_mem" : 12884705280
    },
    "graph_type" : "grmat",
    "gunrock_version" : "GUNROCKVERSION",
    "idempotent" : true,
    "instrument" : false,
    "json" : false,
    "jsondir" : "./eval/ubuntu14_04.k40cx4_rand",
    "jsonfile" : "",
    "label" : "",
    "load_time" : 9727.1978855133057,
    "m_teps" : 8538.6103515625,
    "mark_predecessors" : false,
    "max_grid_size" : 0,
    "max_in_sizing" : 4,
    "max_iteration" : 50,
    "max_process_time" : 7.717132568359375,
    "max_queue_sizing" : 6.5,
    "max_queue_sizing1" : -1,
    "min_process_time" : 7.2319507598876953,
    "multi_graphs" : false,
    "node_value" : false,
    "nodes_queued" : 5077280,
    "nodes_redundance" : 308.40871760138867,
    "nodes_visited" : 1243186,
    "normalized" : false,
    "num_gpus" : 4,
    "num_iteration" : 10,
    "output_filename" : "",
    "partition_factor" : -1,
    "partition_method" : "random",
    "partition_seed" : -1,
    "postprocess_time" : 75.812101364135742,
    "preprocess_time" : 674.0269660949707,
    "process_times" : [
        7.6990127563476562,
        7.3099136352539062,
        7.5051784515380859,
        7.3339939117431641,
        7.3020458221435547,
        7.289886474609375,
        7.6491832733154297,
        7.2319507598876953,
        7.717132568359375,
        7.3781013488769531
    ],
    "quick_mode" : false,
    "quiet_mode" : false,
    "ref_filename" : "",
    "rmat_a" : 0.56999999999999995,
    "rmat_b" : 0.19,
    "rmat_c" : 0.19,
    "rmat_d" : 0.050000000000000044,
    "rmat_edgefactor" : 16,
    "rmat_edges" : 33554432,
    "rmat_nodes" : 2097152,
    "rmat_scale" : 21,
    "rmat_seed" : -1,
    "scaled" : false,
    "search_depth" : 6,
    "size_check" : true,
    "source_type" : "largest-degree",
    "source_vertex" : 0,
    "stream_from_host" : false,
    "sysinfo" : {
        "machine" : "x86_64",
        "nodename" : "luigi",
        "release" : "3.13.0-77-generic",
        "sysname" : "Linux",
        "version" : "#121-Ubuntu SMP Wed Jan 20 10:50:42 UTC 2016"
    },
    "time" : "Tue Mar 22 19:45:25 2016\n",
    "top_nodes" : 0,
    "total_time" : 10906.834125518799,
    "traversal_mode" : 0,
    "undirected" : true,
    "userinfo" : {
        "login" : "sgpyc"
    },
    "write_time" : 0
}