{
    "algorithm" : "BFS",
    "alpha" : 6,
    "average_duty" : 0,
    "beta" : 6,
    "command_line" : "./bin/test_bfs_7.5_x86_64 grmat --rmat_scale=23 --rmat_edgefactor=32 --undirected --idempotence --src=largestdegree --traversal-mode=0 --queue-sizing=6.5 --in-sizing=4 --iteration-num=10 --device=0,1,2,3 --jsondir=./eval/ubuntu14_04.k40cx4_rand",
    "compensate" : false,
    "compiler" : "Gnu GCC C/C++",
    "compiler_version" : 40800005,
    "dataset" : "",
    "debug_mode" : false,
    "delta" : 0.85000002384185791,
    "delta_factor" : 16,
    "device_list" : [
        0,
        1,
        2,
        3
    ],
    "edge_value" : false,
    "edges_queued" : 512017369,
    "edges_redundance" : 1.0218871567923462,
    "edges_visited" : 506838056,
    "elapsed" : 43.454505920410156,
    "engine" : "Gunrock",
    "error" : 0.0099999997764825821,
    "git_commit_sha1" : "6b7b3e5fddb95feda52dfa83992c51a8e4c14663",
    "gpuinfo" : {
        "clock_rate" : 745000,
        "compute_version" : 35,
        "driver_api" : 7050,
        "driver_version" : 7050,
        "major" : 3,
        "minor" : 5,
        "multi_processor_count" : 15,
        "name" : "Tesla K40c",
        "runtime_version" : 7050,
        "total_global_mem" : 12884705280
    },
    "graph_type" : "grmat",
    "gunrock_version" : "GUNROCKVERSION",
    "idempotent" : true,
    "instrument" : false,
    "json" : false,
    "jsondir" : "./eval/ubuntu14_04.k40cx4_rand",
    "jsonfile" : "",
    "label" : "",
    "load_time" : 28951.822996139526,
    "m_teps" : 11663.6474609375,
    "mark_predecessors" : false,
    "max_grid_size" : 0,
    "max_in_sizing" : 4,
    "max_iteration" : 50,
    "max_process_time" : 45.294046401977539,
    "max_queue_sizing" : 6.5,
    "max_queue_sizing1" : -1,
    "min_process_time" : 41.836977005004883,
    "multi_graphs" : false,
    "node_value" : false,
    "nodes_queued" : 21529196,
    "nodes_redundance" : 302.22804921452371,
    "nodes_visited" : 5352485,
    "normalized" : false,
    "num_gpus" : 4,
    "num_iteration" : 10,
    "output_filename" : "",
    "partition_factor" : -1,
    "partition_method" : "random",
    "partition_seed" : -1,
    "postprocess_time" : 186.64693832397461,
    "preprocess_time" : 5536.9110107421875,
    "process_times" : [
        44.793128967285156,
        42.62995719909668,
        41.98002815246582,
        44.205904006958008,
        44.78001594543457,
        43.081045150756836,
        45.294046401977539,
        41.836977005004883,
        42.487859725952148,
        43.456077575683594
    ],
    "quick_mode" : false,
    "quiet_mode" : false,
    "ref_filename" : "",
    "rmat_a" : 0.56999999999999995,
    "rmat_b" : 0.19,
    "rmat_c" : 0.19,
    "rmat_d" : 0.050000000000000044,
    "rmat_edgefactor" : 32,
    "rmat_edges" : 268435456,
    "rmat_nodes" : 8388608,
    "rmat_scale" : 23,
    "rmat_seed" : -1,
    "scaled" : false,
    "search_depth" : 6,
    "size_check" : true,
    "source_type" : "largest-degree",
    "source_vertex" : 0,
    "stream_from_host" : false,
    "sysinfo" : {
        "machine" : "x86_64",
        "nodename" : "luigi",
        "release" : "3.13.0-77-generic",
        "sysname" : "Linux",
        "version" : "#121-Ubuntu SMP Wed Jan 20 10:50:42 UTC 2016"
    },
    "time" : "Tue Mar 22 19:50:53 2016\n",
    "top_nodes" : 0,
    "total_time" : 38115.878820419312,
    "traversal_mode" : 0,
    "undirected" : true,
    "userinfo" : {
        "login" : "sgpyc"
    },
    "write_time" : 0
}