{
    "algorithm" : "BFS",
    "alpha" : 6,
    "average_duty" : 0,
    "beta" : 6,
    "command_line" : "./bin/test_bfs_7.5_x86_64 grmat --rmat_scale=20 --rmat_edgefactor=256 --undirected --idempotence --src=largestdegree --traversal-mode=0 --queue-sizing=6.5 --in-sizing=4 --iteration-num=10 --device=0,1,2 --jsondir=./eval/ubuntu14_04.k40cx3_rand",
    "compensate" : false,
    "compiler" : "Gnu GCC C/C++",
    "compiler_version" : 40800005,
    "dataset" : "",
    "debug_mode" : false,
    "delta" : 0.85000002384185791,
    "delta_factor" : 16,
    "device_list" : [
        0,
        1,
        2
    ],
    "edge_value" : false,
    "edges_queued" : 401986048,
    "edges_redundance" : 0,
    "edges_visited" : 401986048,
    "elapsed" : 2.04620361328125,
    "engine" : "Gunrock",
    "error" : 0.0099999997764825821,
    "git_commit_sha1" : "6b7b3e5fddb95feda52dfa83992c51a8e4c14663",
    "gpuinfo" : {
        "clock_rate" : 745000,
        "compute_version" : 35,
        "driver_api" : 7050,
        "driver_version" : 7050,
        "major" : 3,
        "minor" : 5,
        "multi_processor_count" : 15,
        "name" : "Tesla K40c",
        "runtime_version" : 7050,
        "total_global_mem" : 12884705280
    },
    "graph_type" : "grmat",
    "gunrock_version" : "GUNROCKVERSION",
    "idempotent" : true,
    "instrument" : false,
    "json" : false,
    "jsondir" : "./eval/ubuntu14_04.k40cx3_rand",
    "jsonfile" : "",
    "label" : "",
    "load_time" : 25734.793901443481,
    "m_teps" : 196454.5625,
    "mark_predecessors" : false,
    "max_grid_size" : 0,
    "max_in_sizing" : 4,
    "max_iteration" : 50,
    "max_process_time" : 2.368927001953125,
    "max_queue_sizing" : 6.5,
    "max_queue_sizing1" : -1,
    "min_process_time" : 1.9850730895996094,
    "multi_graphs" : false,
    "node_value" : false,
    "nodes_queued" : 2830192,
    "nodes_redundance" : 199.99978800039855,
    "nodes_visited" : 943398,
    "normalized" : false,
    "num_gpus" : 3,
    "num_iteration" : 10,
    "output_filename" : "",
    "partition_factor" : -1,
    "partition_method" : "random",
    "partition_seed" : -1,
    "postprocess_time" : 50.071954727172852,
    "preprocess_time" : 2954.4649124145508,
    "process_times" : [
        2.368927001953125,
        2.0270347595214844,
        1.9869804382324219,
        2.0139217376708984,
        1.9850730895996094,
        2.0120143890380859,
        2.0279884338378906,
        2.0051002502441406,
        2.0229816436767578,
        2.0120143890380859
    ],
    "quick_mode" : false,
    "quiet_mode" : false,
    "ref_filename" : "",
    "rmat_a" : 0.56999999999999995,
    "rmat_b" : 0.19,
    "rmat_c" : 0.19,
    "rmat_d" : 0.050000000000000044,
    "rmat_edgefactor" : 256,
    "rmat_edges" : 268435456,
    "rmat_nodes" : 1048576,
    "rmat_scale" : 20,
    "rmat_seed" : -1,
    "scaled" : false,
    "search_depth" : 5,
    "size_check" : true,
    "source_type" : "largest-degree",
    "source_vertex" : 0,
    "stream_from_host" : false,
    "sysinfo" : {
        "machine" : "x86_64",
        "nodename" : "luigi",
        "release" : "3.13.0-77-generic",
        "sysname" : "Linux",
        "version" : "#121-Ubuntu SMP Wed Jan 20 10:50:42 UTC 2016"
    },
    "time" : "Tue Mar 22 19:31:27 2016\n",
    "top_nodes" : 0,
    "total_time" : 29809.221982955933,
    "traversal_mode" : 0,
    "undirected" : true,
    "userinfo" : {
        "login" : "sgpyc"
    },
    "write_time" : 0
}