{
    "algorithm" : "BFS",
    "alpha" : 6,
    "average_duty" : 0,
    "beta" : 6,
    "command_line" : "./bin/test_bfs_7.5_x86_64 grmat --rmat_scale=20 --rmat_edgefactor=64 --undirected --idempotence --src=largestdegree --traversal-mode=0 --queue-sizing=6.5 --in-sizing=4 --iteration-num=10 --device=0,1 --jsondir=./eval/ubuntu14_04.k40cx2_rand",
    "compensate" : false,
    "compiler" : "Gnu GCC C/C++",
    "compiler_version" : 40800005,
    "dataset" : "",
    "debug_mode" : false,
    "delta" : 0.85000002384185791,
    "delta_factor" : 16,
    "device_list" : [
        0,
        1
    ],
    "edge_value" : false,
    "edges_queued" : 115783940,
    "edges_redundance" : 0,
    "edges_visited" : 115783940,
    "elapsed" : 2.1154880523681641,
    "engine" : "Gunrock",
    "error" : 0.0099999997764825821,
    "git_commit_sha1" : "6b7b3e5fddb95feda52dfa83992c51a8e4c14663",
    "gpuinfo" : {
        "clock_rate" : 745000,
        "compute_version" : 35,
        "driver_api" : 7050,
        "driver_version" : 7050,
        "major" : 3,
        "minor" : 5,
        "multi_processor_count" : 15,
        "name" : "Tesla K40c",
        "runtime_version" : 7050,
        "total_global_mem" : 12884705280
    },
    "graph_type" : "grmat",
    "gunrock_version" : "GUNROCKVERSION",
    "idempotent" : true,
    "instrument" : false,
    "json" : false,
    "jsondir" : "./eval/ubuntu14_04.k40cx2_rand",
    "jsonfile" : "",
    "label" : "",
    "load_time" : 8412.0969772338867,
    "m_teps" : 54731.55078125,
    "mark_predecessors" : false,
    "max_grid_size" : 0,
    "max_in_sizing" : 4,
    "max_iteration" : 50,
    "max_process_time" : 2.9160976409912109,
    "max_queue_sizing" : 6.5,
    "max_queue_sizing1" : -1,
    "min_process_time" : 1.9788742065429688,
    "multi_graphs" : false,
    "node_value" : false,
    "nodes_queued" : 1643013,
    "nodes_redundance" : 99.999878272491898,
    "nodes_visited" : 821507,
    "normalized" : false,
    "num_gpus" : 2,
    "num_iteration" : 10,
    "output_filename" : "",
    "partition_factor" : -1,
    "partition_method" : "random",
    "partition_seed" : -1,
    "postprocess_time" : 29.613018035888672,
    "preprocess_time" : 1096.3771343231201,
    "process_times" : [
        2.9160976409912109,
        2.0058155059814453,
        2.0520687103271484,
        2.0401477813720703,
        2.0120143890380859,
        2.0499229431152344,
        1.9788742065429688,
        2.0279884338378906,
        2.0279884338378906,
        2.0439624786376953
    ],
    "quick_mode" : false,
    "quiet_mode" : false,
    "ref_filename" : "",
    "rmat_a" : 0.56999999999999995,
    "rmat_b" : 0.19,
    "rmat_c" : 0.19,
    "rmat_d" : 0.050000000000000044,
    "rmat_edgefactor" : 64,
    "rmat_edges" : 67108864,
    "rmat_nodes" : 1048576,
    "rmat_scale" : 20,
    "rmat_seed" : -1,
    "scaled" : false,
    "search_depth" : 6,
    "size_check" : true,
    "source_type" : "largest-degree",
    "source_vertex" : 0,
    "stream_from_host" : false,
    "sysinfo" : {
        "machine" : "x86_64",
        "nodename" : "luigi",
        "release" : "3.13.0-77-generic",
        "sysname" : "Linux",
        "version" : "#121-Ubuntu SMP Wed Jan 20 10:50:42 UTC 2016"
    },
    "time" : "Tue Mar 22 19:18:21 2016\n",
    "top_nodes" : 0,
    "total_time" : 9912.1620655059814,
    "traversal_mode" : 0,
    "undirected" : true,
    "userinfo" : {
        "login" : "sgpyc"
    },
    "write_time" : 0
}