{
    "algorithm" : "BFS",
    "alpha" : 6,
    "average_duty" : 0,
    "beta" : 6,
    "command_line" : "./bin/test_bfs_7.5_x86_64 grmat --rmat_scale=24 --rmat_edgefactor=32 --undirected --idempotence --src=largestdegree --traversal-mode=0 --queue-sizing=6.5 --in-sizing=4 --iteration-num=10 --device=0,1,2 --jsondir=./eval/ubuntu14_04.k40cx3_rand",
    "compensate" : false,
    "compiler" : "Gnu GCC C/C++",
    "compiler_version" : 40800005,
    "dataset" : "",
    "debug_mode" : false,
    "delta" : 0.85000002384185791,
    "delta_factor" : 16,
    "device_list" : [
        0,
        1,
        2
    ],
    "edge_value" : false,
    "edges_queued" : 1030650719,
    "edges_redundance" : 0.67223010595876442,
    "edges_visited" : 1023768638,
    "elapsed" : 108.66937255859375,
    "engine" : "Gunrock",
    "error" : 0.0099999997764825821,
    "git_commit_sha1" : "6b7b3e5fddb95feda52dfa83992c51a8e4c14663",
    "gpuinfo" : {
        "clock_rate" : 745000,
        "compute_version" : 35,
        "driver_api" : 7050,
        "driver_version" : 7050,
        "major" : 3,
        "minor" : 5,
        "multi_processor_count" : 15,
        "name" : "Tesla K40c",
        "runtime_version" : 7050,
        "total_global_mem" : 12884705280
    },
    "graph_type" : "grmat",
    "gunrock_version" : "GUNROCKVERSION",
    "idempotent" : true,
    "instrument" : false,
    "json" : false,
    "jsondir" : "./eval/ubuntu14_04.k40cx3_rand",
    "jsonfile" : "",
    "label" : "",
    "load_time" : 51641.519069671631,
    "m_teps" : 9420.94921875,
    "mark_predecessors" : false,
    "max_grid_size" : 0,
    "max_in_sizing" : 4,
    "max_iteration" : 50,
    "max_process_time" : 109.03310775756836,
    "max_queue_sizing" : 6.5,
    "max_queue_sizing1" : -1,
    "min_process_time" : 108.07514190673828,
    "multi_graphs" : false,
    "node_value" : false,
    "nodes_queued" : 31119950,
    "nodes_redundance" : 200.97065125240547,
    "nodes_visited" : 10339862,
    "normalized" : false,
    "num_gpus" : 3,
    "num_iteration" : 10,
    "output_filename" : "",
    "partition_factor" : -1,
    "partition_method" : "random",
    "partition_seed" : -1,
    "postprocess_time" : 288.68222236633301,
    "preprocess_time" : 15032.663106918335,
    "process_times" : [
        108.93917083740234,
        108.90412330627441,
        108.3381175994873,
        108.86907577514648,
        108.07514190673828,
        109.03310775756836,
        108.26396942138672,
        108.7791919708252,
        108.48379135131836,
        109.0080738067627
    ],
    "quick_mode" : false,
    "quiet_mode" : false,
    "ref_filename" : "",
    "rmat_a" : 0.56999999999999995,
    "rmat_b" : 0.19,
    "rmat_c" : 0.19,
    "rmat_d" : 0.050000000000000044,
    "rmat_edgefactor" : 32,
    "rmat_edges" : 536870912,
    "rmat_nodes" : 16777216,
    "rmat_scale" : 24,
    "rmat_seed" : -1,
    "scaled" : false,
    "search_depth" : 7,
    "size_check" : true,
    "source_type" : "largest-degree",
    "source_vertex" : 0,
    "stream_from_host" : false,
    "sysinfo" : {
        "machine" : "x86_64",
        "nodename" : "luigi",
        "release" : "3.13.0-77-generic",
        "sysname" : "Linux",
        "version" : "#121-Ubuntu SMP Wed Jan 20 10:50:42 UTC 2016"
    },
    "time" : "Tue Mar 22 19:40:51 2016\n",
    "top_nodes" : 0,
    "total_time" : 76845.999956130981,
    "traversal_mode" : 0,
    "undirected" : true,
    "userinfo" : {
        "login" : "sgpyc"
    },
    "write_time" : 0
}