{
    "algorithm" : "BFS",
    "alpha" : 6,
    "average_duty" : 0,
    "beta" : 6,
    "command_line" : "./bin/test_bfs_7.5_x86_64 grmat --rmat_scale=24 --rmat_edgefactor=16 --undirected --idempotence --src=largestdegree --traversal-mode=0 --queue-sizing=6.5 --in-sizing=4 --iteration-num=10 --device=0,1,2,3 --jsondir=./eval/ubuntu14_04.k40cx4_rand",
    "compensate" : false,
    "compiler" : "Gnu GCC C/C++",
    "compiler_version" : 40800005,
    "dataset" : "",
    "debug_mode" : false,
    "delta" : 0.85000002384185791,
    "delta_factor" : 16,
    "device_list" : [
        0,
        1,
        2,
        3
    ],
    "edge_value" : false,
    "edges_queued" : 527891083,
    "edges_redundance" : 1.3681087263320382,
    "edges_visited" : 520766432,
    "elapsed" : 61.870265960693359,
    "engine" : "Gunrock",
    "error" : 0.0099999997764825821,
    "git_commit_sha1" : "6b7b3e5fddb95feda52dfa83992c51a8e4c14663",
    "gpuinfo" : {
        "clock_rate" : 745000,
        "compute_version" : 35,
        "driver_api" : 7050,
        "driver_version" : 7050,
        "major" : 3,
        "minor" : 5,
        "multi_processor_count" : 15,
        "name" : "Tesla K40c",
        "runtime_version" : 7050,
        "total_global_mem" : 12884705280
    },
    "graph_type" : "grmat",
    "gunrock_version" : "GUNROCKVERSION",
    "idempotent" : true,
    "instrument" : false,
    "json" : false,
    "jsondir" : "./eval/ubuntu14_04.k40cx4_rand",
    "jsonfile" : "",
    "label" : "",
    "load_time" : 28667.08517074585,
    "m_teps" : 8417.0712890625,
    "mark_predecessors" : false,
    "max_grid_size" : 0,
    "max_in_sizing" : 4,
    "max_iteration" : 50,
    "max_process_time" : 64.379215240478516,
    "max_queue_sizing" : 6.5,
    "max_queue_sizing1" : -1,
    "min_process_time" : 58.923006057739258,
    "multi_graphs" : false,
    "node_value" : false,
    "nodes_queued" : 35587638,
    "nodes_redundance" : 301.43676297088336,
    "nodes_visited" : 8865067,
    "normalized" : false,
    "num_gpus" : 4,
    "num_iteration" : 10,
    "output_filename" : "",
    "partition_factor" : -1,
    "partition_method" : "random",
    "partition_seed" : -1,
    "postprocess_time" : 315.04702568054199,
    "preprocess_time" : 7889.470100402832,
    "process_times" : [
        63.93885612487793,
        60.762882232666016,
        61.048984527587891,
        58.923006057739258,
        61.029911041259766,
        64.379215240478516,
        61.8438720703125,
        64.02277946472168,
        60.836076736450195,
        61.91706657409668
    ],
    "quick_mode" : false,
    "quiet_mode" : false,
    "ref_filename" : "",
    "rmat_a" : 0.56999999999999995,
    "rmat_b" : 0.19,
    "rmat_c" : 0.19,
    "rmat_d" : 0.050000000000000044,
    "rmat_edgefactor" : 16,
    "rmat_edges" : 268435456,
    "rmat_nodes" : 16777216,
    "rmat_scale" : 24,
    "rmat_seed" : -1,
    "scaled" : false,
    "search_depth" : 7,
    "size_check" : true,
    "source_type" : "largest-degree",
    "source_vertex" : 0,
    "stream_from_host" : false,
    "sysinfo" : {
        "machine" : "x86_64",
        "nodename" : "luigi",
        "release" : "3.13.0-77-generic",
        "sysname" : "Linux",
        "version" : "#121-Ubuntu SMP Wed Jan 20 10:50:42 UTC 2016"
    },
    "time" : "Tue Mar 22 19:52:41 2016\n",
    "top_nodes" : 0,
    "total_time" : 42167.610168457031,
    "traversal_mode" : 0,
    "undirected" : true,
    "userinfo" : {
        "login" : "sgpyc"
    },
    "write_time" : 0
}