{
    "algorithm" : "BFS",
    "alpha" : 6,
    "average_duty" : 0,
    "beta" : 6,
    "command_line" : "./bin/test_bfs_7.5_x86_64 grmat --rmat_scale=21 --rmat_edgefactor=16 --undirected --idempotence --src=largestdegree --traversal-mode=0 --queue-sizing=6.5 --in-sizing=1.1 --iteration-num=10 --device=0,1,2,3 --jsondir=./eval/ubuntu14_04.k40cx4_rand",
    "compensate" : false,
    "compiler" : "Gnu GCC C/C++",
    "compiler_version" : 40800005,
    "dataset" : "",
    "debug_mode" : false,
    "delta" : 0.85000002384185791,
    "delta_factor" : 16,
    "device_list" : [
        0,
        1,
        2,
        3
    ],
    "edge_value" : false,
    "edges_queued" : 67010566,
    "edges_redundance" : 5.4606865050271161,
    "edges_visited" : 63540802,
    "elapsed" : 9.3286514282226562,
    "engine" : "Gunrock",
    "error" : 0.0099999997764825821,
    "git_commit_sha1" : "6b7b3e5fddb95feda52dfa83992c51a8e4c14663",
    "gpuinfo" : {
        "clock_rate" : 745000,
        "compute_version" : 35,
        "driver_api" : 7050,
        "driver_version" : 7050,
        "major" : 3,
        "minor" : 5,
        "multi_processor_count" : 15,
        "name" : "Tesla K40c",
        "runtime_version" : 7050,
        "total_global_mem" : 12884705280
    },
    "graph_type" : "grmat",
    "gunrock_version" : "GUNROCKVERSION",
    "idempotent" : true,
    "instrument" : false,
    "json" : false,
    "jsondir" : "./eval/ubuntu14_04.k40cx4_rand",
    "jsonfile" : "",
    "label" : "",
    "load_time" : 9589.8458957672119,
    "m_teps" : 6811.35986328125,
    "mark_predecessors" : false,
    "max_grid_size" : 0,
    "max_in_sizing" : 1.1000000000000001,
    "max_iteration" : 50,
    "max_process_time" : 14.819145202636719,
    "max_queue_sizing" : 6.5,
    "max_queue_sizing1" : -1,
    "min_process_time" : 7.5070858001708984,
    "multi_graphs" : false,
    "node_value" : false,
    "nodes_queued" : 5080566,
    "nodes_redundance" : 308.47031242085762,
    "nodes_visited" : 1243803,
    "normalized" : false,
    "num_gpus" : 4,
    "num_iteration" : 10,
    "output_filename" : "",
    "partition_factor" : -1,
    "partition_method" : "random",
    "partition_seed" : -1,
    "postprocess_time" : 76.089859008789062,
    "preprocess_time" : 678.75289916992188,
    "process_times" : [
        14.819145202636719,
        10.065078735351562,
        8.6181163787841797,
        9.5770359039306641,
        10.458946228027344,
        7.9150199890136719,
        8.8829994201660156,
        7.6291561126708984,
        7.8139305114746094,
        7.5070858001708984
    ],
    "quick_mode" : false,
    "quiet_mode" : false,
    "ref_filename" : "",
    "rmat_a" : 0.56999999999999995,
    "rmat_b" : 0.19,
    "rmat_c" : 0.19,
    "rmat_d" : 0.050000000000000044,
    "rmat_edgefactor" : 16,
    "rmat_edges" : 33554432,
    "rmat_nodes" : 2097152,
    "rmat_scale" : 21,
    "rmat_seed" : -1,
    "scaled" : false,
    "search_depth" : 7,
    "size_check" : true,
    "source_type" : "largest-degree",
    "source_vertex" : 0,
    "stream_from_host" : false,
    "sysinfo" : {
        "machine" : "x86_64",
        "nodename" : "luigi",
        "release" : "3.13.0-77-generic",
        "sysname" : "Linux",
        "version" : "#121-Ubuntu SMP Wed Jan 20 10:50:42 UTC 2016"
    },
    "time" : "Tue Mar 22 19:01:27 2016\n",
    "top_nodes" : 0,
    "total_time" : 10775.431871414185,
    "traversal_mode" : 0,
    "undirected" : true,
    "userinfo" : {
        "login" : "sgpyc"
    },
    "write_time" : 0
}