{
    "algorithm" : "BFS",
    "alpha" : 6,
    "average_duty" : 0,
    "beta" : 6,
    "command_line" : "./bin/test_bfs_7.5_x86_64 grmat --rmat_scale=20 --rmat_edgefactor=512 --undirected --idempotence --src=largestdegree --traversal-mode=0 --queue-sizing=6.5 --in-sizing=4 --iteration-num=10 --device=0,1,2 --jsondir=./eval/ubuntu14_04.k40cx3_rand",
    "compensate" : false,
    "compiler" : "Gnu GCC C/C++",
    "compiler_version" : 40800005,
    "dataset" : "",
    "debug_mode" : false,
    "delta" : 0.85000002384185791,
    "delta_factor" : 16,
    "device_list" : [
        0,
        1,
        2
    ],
    "edge_value" : false,
    "edges_queued" : 728175648,
    "edges_redundance" : 0,
    "edges_visited" : 728175648,
    "elapsed" : 2.1781444549560547,
    "engine" : "Gunrock",
    "error" : 0.0099999997764825821,
    "git_commit_sha1" : "6b7b3e5fddb95feda52dfa83992c51a8e4c14663",
    "gpuinfo" : {
        "clock_rate" : 745000,
        "compute_version" : 35,
        "driver_api" : 7050,
        "driver_version" : 7050,
        "major" : 3,
        "minor" : 5,
        "multi_processor_count" : 15,
        "name" : "Tesla K40c",
        "runtime_version" : 7050,
        "total_global_mem" : 12884705280
    },
    "graph_type" : "grmat",
    "gunrock_version" : "GUNROCKVERSION",
    "idempotent" : true,
    "instrument" : false,
    "json" : false,
    "jsondir" : "./eval/ubuntu14_04.k40cx3_rand",
    "jsonfile" : "",
    "label" : "",
    "load_time" : 48664.999008178711,
    "m_teps" : 334310.09375,
    "mark_predecessors" : false,
    "max_grid_size" : 0,
    "max_in_sizing" : 4,
    "max_iteration" : 50,
    "max_process_time" : 2.57110595703125,
    "max_queue_sizing" : 6.5,
    "max_queue_sizing1" : -1,
    "min_process_time" : 2.1009445190429688,
    "multi_graphs" : false,
    "node_value" : false,
    "nodes_queued" : 2949613,
    "nodes_redundance" : 199.99979658362193,
    "nodes_visited" : 983205,
    "normalized" : false,
    "num_gpus" : 3,
    "num_iteration" : 10,
    "output_filename" : "",
    "partition_factor" : -1,
    "partition_method" : "random",
    "partition_seed" : -1,
    "postprocess_time" : 62.330007553100586,
    "preprocess_time" : 5286.700963973999,
    "process_times" : [
        2.57110595703125,
        2.1979808807373047,
        2.140045166015625,
        2.1290779113769531,
        2.1159648895263672,
        2.1631717681884766,
        2.1340847015380859,
        2.1040439605712891,
        2.1250247955322266,
        2.1009445190429688
    ],
    "quick_mode" : false,
    "quiet_mode" : false,
    "ref_filename" : "",
    "rmat_a" : 0.56999999999999995,
    "rmat_b" : 0.19,
    "rmat_c" : 0.19,
    "rmat_d" : 0.050000000000000044,
    "rmat_edgefactor" : 512,
    "rmat_edges" : 536870912,
    "rmat_nodes" : 1048576,
    "rmat_scale" : 20,
    "rmat_seed" : -1,
    "scaled" : false,
    "search_depth" : 5,
    "size_check" : true,
    "source_type" : "largest-degree",
    "source_vertex" : 0,
    "stream_from_host" : false,
    "sysinfo" : {
        "machine" : "x86_64",
        "nodename" : "luigi",
        "release" : "3.13.0-77-generic",
        "sysname" : "Linux",
        "version" : "#121-Ubuntu SMP Wed Jan 20 10:50:42 UTC 2016"
    },
    "time" : "Tue Mar 22 19:32:21 2016\n",
    "top_nodes" : 0,
    "total_time" : 55568.672895431519,
    "traversal_mode" : 0,
    "undirected" : true,
    "userinfo" : {
        "login" : "sgpyc"
    },
    "write_time" : 0
}